www.veracitytechmn.com/service-areas/minnetonka-it-services-support,https://www.veracitytechmn.com/service-areas/minnetonka-mn,301,FALSE,FALSE,FALSE
www.veracitytechmn.com/service-areas/minneapolis-it-services-support,https://www.veracitytechmn.com/service-areas/minneapolis-mn,301,FALSE,FALSE,FALSE
www.veracitytechmn.com/service-areas/st-paul-it-services-support,https://www.veracitytechmn.com/service-areas/st-paul-mn,301,FALSE,FALSE,FALSE
www.veracitytechmn.com/service-areas/bloomington-mn-it-services-support,https://www.veracitytechmn.com/service-areas/bloomington-mn,301,FALSE,FALSE,FALSE
www.veracitytechmn.com/service-areas/brooklyn-park-mn-it-services-support,https://www.veracitytechmn.com/service-areas/brooklyn-park-mn,301,FALSE,FALSE,FALSE
www.veracitytechmn.com/service-areas/plymouth-mn-it-services-support,https://www.veracitytechmn.com/service-areas/plymouth-mn,301,FALSE,FALSE,FALSE
www.veracitytechmn.com/service-areas/maple-grove-mn-it-services-support,https://www.veracitytechmn.com/service-areas/maple-grove-mn,301,FALSE,FALSE,FALSE
www.veracitytechmn.com/service-areas/eden-prairie-mn-it-services-support,https://www.veracitytechmn.com/service-areas/eden-prairie-mn,301,FALSE,FALSE,FALSE
www.veracitytechmn.com/service-areas/woodbury-mn-it-services-support,https://www.veracitytechmn.com/service-areas/woodbury-mn,301,FALSE,FALSE,FALSE
www.veracitytechmn.com/service-areas/eagan-mn-it-services-support,https://www.veracitytechmn.com/service-areas/eagan-mn,301,FALSE,FALSE,FALSE
www.veracitytechmn.com/service-areas/burnsville-mn-it-services-support,https://www.veracitytechmn.com/service-areas/burnsville-mn,301,FALSE,FALSE,FALSE
www.veracitytechmn.com/service-areas/twin-cities-it-services-support,https://www.veracitytechmn.com/service-areas/twin-cities-mn,301,FALSE,FALSE,FALSE
www.veracitytechmn.com/service-areas/st-louis-park-it-services-support,https://www.veracitytechmn.com/service-areas/st-louis-park-mn,301,FALSE,FALSE,FALSE
www.veracitytechmn.com/service-areas/edina-mn-it-services-support,https://www.veracitytechmn.com/service-areas/edina-mn,301,FALSE,FALSE,FALSE
www.veracitytechmn.com/service-areas/lakeville-mn-it-services-support,https://www.veracitytechmn.com/service-areas/lakeville-mn,301,FALSE,FALSE,FALSE
www.veracitytechmn.com/service-areas/shakopee-mn-it-services-support,https://www.veracitytechmn.com/service-areas/shakopee-mn,301,FALSE,FALSE,FALSE
www.veracitytechmn.com/service-areas/richfield-mn-it-services-support,https://www.veracitytechmn.com/service-areas/richfield-mn,301,FALSE,FALSE,FALSE
www.veracitytechmn.com/service-areas/roseville-mn-it-services-support,https://www.veracitytechmn.com/service-areas/roseville-mn,301,FALSE,FALSE,FALSE
www.veracitytechmn.com/service-areas/coon-rapids-mn-it-services-support,https://www.veracitytechmn.com/service-areas/coon-rapids-mn,301,FALSE,FALSE,FALSE
www.veracitytechmn.com/service-areas/apple-valley-mn-it-services-support,https://www.veracitytechmn.com/service-areas/apple-valley-mn,301,FALSE,FALSE,FALSE
www.veracitytechmn.com/service-areas/chanhassen-mn-it-services-support,https://www.veracitytechmn.com/service-areas/chanhassen-mn,301,FALSE,FALSE,FALSE
www.veracitytechmn.com/service-areas/excelsior-mn-it-services-support,https://www.veracitytechmn.com/service-areas/excelsior-mn,301,FALSE,FALSE,FALSE
www.veracitytechmn.com/service-areas/victoria-mn-it-services-support,https://www.veracitytechmn.com/service-areas/victoria-mn,301,FALSE,FALSE,FALSE
www.veracitytechmn.com/service-areas/waconia-mn-it-services-support,https://www.veracitytechmn.com/service-areas/waconia-mn,301,FALSE,FALSE,FALSE
www.veracitytechmn.com/service-areas/chaska-mn-it-services-support,https://www.veracitytechmn.com/service-areas/chaska-mn,301,FALSE,FALSE,FALSE
www.veracitytechmn.com/service-areas/stillwater-mn-it-services-support,https://www.veracitytechmn.com/service-areas/stillwater-mn,301,FALSE,FALSE,FALSE
www.veracitytechmn.com/service-areas/blaine-mn-it-services-support,https://www.veracitytechmn.com/service-areas/blaine-mn,301,FALSE,FALSE,FALSE
www.veracitytechmn.com/service-areas/anoka-mn-it-services-support,https://www.veracitytechmn.com/service-areas/anoka-mn,301,FALSE,FALSE,FALSE
www.veracitytechmn.com/service-areas/andover-mn-it-services-support,https://www.veracitytechmn.com/service-areas/andover-mn,301,FALSE,FALSE,FALSE
www.veracitytechmn.com/service-areas/st-cloud-mn-it-services-support,https://www.veracitytechmn.com/service-areas/st-cloud-mn,301,FALSE,FALSE,FALSE
www.veracitytechmn.com/service-areas/wayzata-mn-it-services-support,https://www.veracitytechmn.com/service-areas/wayzata-mn,301,FALSE,FALSE,FALSE
www.veracitytechmn.com/service-areas/mound-mn-it-services-support,https://www.veracitytechmn.com/service-areas/mound-mn,301,FALSE,FALSE,FALSE
www.veracitytechmn.com/service-areas/minnetrista-mn-it-services-support,https://www.veracitytechmn.com/service-areas/minnetrista-mn,301,FALSE,FALSE,FALSE
www.veracitytechmn.com/service-areas/elk-river-mn-it-services-support,https://www.veracitytechmn.com/service-areas/elk-river-mn,301,FALSE,FALSE,FALSE
www.veracitytechmn.com/service-areas/rogers-mn-it-services-support,https://www.veracitytechmn.com/service-areas/rogers-mn,301,FALSE,FALSE,FALSE
www.veracitytechmn.com/service-areas/albertville-mn-it-services-support,https://www.veracitytechmn.com/service-areas/albertville-mn,301,FALSE,FALSE,FALSE
www.veracitytechmn.com/service-areas/orono-mn-it-services-support,https://www.veracitytechmn.com/service-areas/orono-mn,301,FALSE,FALSE,FALSE
www.veracitytechmn.com/service-areas/medina-mn-it-services-support,https://www.veracitytechmn.com/service-areas/medina-mn,301,FALSE,FALSE,FALSE
www.veracitytechmn.com/service-areas/hopkins-mn-it-services-support,https://www.veracitytechmn.com/service-areas/hopkins-mn,301,FALSE,FALSE,FALSE
www.veracitytechmn.com/service-areas/savage-mn-it-services-support,https://www.veracitytechmn.com/service-areas/savage-mn,301,FALSE,FALSE,FALSE
www.veracitytechmn.com/service-areas/golden-valley-mn-it-services-support,https://www.veracitytechmn.com/service-areas/golden-valley-mn,301,FALSE,FALSE,FALSE
www.veracitytechmn.com/service-areas/prior-lake-mn-it-services-support,https://www.veracitytechmn.com/service-areas/prior-lake-mn,301,FALSE,FALSE,FALSE
www.veracitytechmn.com/service-areas/champlin-mn-it-services-support,https://www.veracitytechmn.com/service-areas/champlin-mn,301,FALSE,FALSE,FALSE
www.veracitytechmn.com/service-areas/white-bear-lake-mn-it-services-support,https://www.veracitytechmn.com/service-areas/white-bear-lake-mn,301,FALSE,FALSE,FALSE
www.veracitytechmn.com/service-areas/vadnais-heights-mn-it-services-support,https://www.veracitytechmn.com/service-areas/vadnais-heights-mn,301,FALSE,FALSE,FALSE
